{
  "strategy_name": "StudyBinH",
  "params": {
    "trailing": {
      "trailing_stop": false,
      "trailing_stop_positive": null,
      "trailing_stop_positive_offset": 0.0,
      "trailing_only_offset_is_reached": false
    },
    "buy": {
      "buy_bb_lower": 1.9015029723692134,
      "buy_bbdelta_close": 0.013148989329589984,
      "buy_closedelta_close": 0.004742018396513425,
      "buy_tail_bbdelta": 0.35514009233644955
    },
    "sell": {
      "sell_mfi": 100,
      "sell_mfi_enabled": true
    },
    "roi": {
      "0": 0.091,
      "11": 0.051000000000000004,
      "28": 0.016,
      "123": 0
    },
    "stoploss": {
      "stoploss": -0.271
    }
  },
  "ft_stratparam_v": 1,
  "export_time": "2021-07-19 13:28:58.852830+00:00"
}