{
  "StudyBinH": {
    "SVcEPk": {
      "performance": {
        "trades": 10,
        "wins": 6,
        "losses": 2,
        "draws": 2,
        "avg_profits": 2.19,
        "med_profit": 2.06,
        "tot_profit": 107.25493641,
        "profit_percent": 21.45,
        "avg_duration": "1:02:00",
        "loss": -9.91302
      },
      "params": {
        "minimal_roi": {
          "0": 0.273,
          "36": 0.073,
          "50": 0.021,
          "60": 0
        },
        "stoploss": -0.283,
        "buy_params": {
          "buy_bb_lower": 0.23501162841076906,
          "buy_bbdelta_close": 0.0015565531570557217,
          "buy_closedelta_close": 0.025465517843225025,
          "buy_tail_bbdelta": 0.025311661676696205
        },
        "sell_params": {
          "sell_mfi": 93.0,
          "sell_mfi_enabled": "False"
        }
      }
    },
    "wqXr3F": {
      "performance": {
        "trades": 62,
        "wins": 33,
        "losses": 23,
        "draws": 6,
        "avg_profits": 0.67,
        "med_profit": 1.1,
        "tot_profit": 203.57905979,
        "profit_percent": 40.72,
        "avg_duration": "1:00:00",
        "loss": -10.1924
      },
      "params": {
        "minimal_roi": {
          "0": 0.182,
          "35": 0.074,
          "50": 0.011,
          "81": 0
        },
        "stoploss": -0.344,
        "buy_params": {
          "buy_bb_lower": -0.9902935900998835,
          "buy_bbdelta_close": 0.011308440567152678,
          "buy_closedelta_close": 0.022832342847897247,
          "buy_tail_bbdelta": 0.021568669073539472
        },
        "sell_params": {
          "sell_mfi": 95.0,
          "sell_mfi_enabled": "False"
        }
      }
    },
    "OQtNmn": {
      "performance": {
        "trades": 8,
        "wins": 5,
        "losses": 0,
        "draws": 3,
        "avg_profits": 1.84,
        "med_profit": 1.31,
        "tot_profit": 72.19794497,
        "profit_percent": 14.44,
        "avg_duration": "1:51:00",
        "loss": -1193.97794
      },
      "params": {
        "stoploss": -0.256,
        "buy_params": {
          "buy_bb_lower": 0.7472183424998216,
          "buy_bbdelta_close": 0.013116166925820773,
          "buy_closedelta_close": 0.020625913830916578,
          "buy_tail_bbdelta": 0.3168993486552634
        },
        "sell_params": {
          "sell_mfi": 98.0,
          "sell_mfi_enabled": 1.0
        }
      }
    },
    "rrIliI": {
      "performance": {
        "trades": 11,
        "wins": 7,
        "losses": 0,
        "draws": 4,
        "avg_profits": 2.32,
        "med_profit": 1.3,
        "tot_profit": 125.16840936,
        "profit_percent": 25.03,
        "avg_duration": "5:12:00",
        "loss": -1202.0104
      },
      "params": {
        "stoploss": -0.274,
        "buy_params": {
          "buy_bb_lower": -0.8556652670648703,
          "buy_bbdelta_close": 0.004433348063150428,
          "buy_closedelta_close": 0.023892126687219035,
          "buy_tail_bbdelta": 0.05526246681126574
        },
        "sell_params": {
          "sell_mfi": 83.0,
          "sell_mfi_enabled": 1.0
        }
      }
    },
    "2CHlHO": {
      "performance": {
        "trades": 12,
        "wins": 6,
        "losses": 0,
        "draws": 6,
        "avg_profits": 1.69,
        "med_profit": 0.65,
        "tot_profit": 99.19840936,
        "profit_percent": 19.84,
        "avg_duration": "6:41:00",
        "loss": -618.46197
      },
      "params": {
        "stoploss": -0.272,
        "buy_params": {
          "buy_bb_lower": -0.9633845272424084,
          "buy_bbdelta_close": 0.0023766533207627617,
          "buy_closedelta_close": 0.026057671663143878,
          "buy_tail_bbdelta": 0.11426205256228497
        },
        "sell_params": {
          "sell_mfi": 92.0,
          "sell_mfi_enabled": 1.0
        }
      }
    },
    "1A0wiu": {
      "performance": {
        "trades": 19,
        "wins": 14,
        "losses": 1,
        "draws": 4,
        "avg_profits": 1.52,
        "med_profit": 1.3,
        "tot_profit": 141.56725271,
        "profit_percent": 28.31,
        "avg_duration": "2:01:00",
        "loss": -32.77607
      },
      "params": {
        "stoploss": -0.193,
        "buy_params": {
          "buy_bb_lower": -0.5578737241297768,
          "buy_bbdelta_close": 0.01498262369506146,
          "buy_closedelta_close": 0.02757370494695564,
          "buy_tail_bbdelta": 0.18946033713211938
        },
        "sell_params": {
          "sell_mfi": 83.0,
          "sell_mfi_enabled": 1.0
        }
      }
    },
    "HQdsZY": {
      "performance": {
        "trades": 25,
        "wins": 12,
        "losses": 2,
        "draws": 11,
        "avg_profits": 1.28,
        "med_profit": 0.0,
        "tot_profit": 156.73635377,
        "profit_percent": 31.35,
        "avg_duration": "3:38:00",
        "loss": -98.45019
      },
      "params": {
        "stoploss": -0.326,
        "buy_params": {
          "buy_bb_lower": 0.4966522264281712,
          "buy_bbdelta_close": 0.00587327391708091,
          "buy_closedelta_close": 0.015647559666276508,
          "buy_tail_bbdelta": 0.2749004274055991
        },
        "sell_params": {
          "sell_mfi": 77.0,
          "sell_mfi_enabled": 1.0
        }
      }
    },
    "Q30ZPb": {
      "performance": {
        "trades": 53,
        "wins": 30,
        "losses": 1,
        "draws": 22,
        "avg_profits": 1.54,
        "med_profit": 1.3,
        "tot_profit": 400.81999672,
        "profit_percent": 80.16,
        "avg_duration": "4:38:00",
        "loss": -249.49239
      },
      "params": {
        "stoploss": -0.268,
        "buy_params": {
          "buy_bb_lower": -0.03270898632914743,
          "buy_bbdelta_close": 0.009182478028505539,
          "buy_closedelta_close": 0.01411217506938342,
          "buy_tail_bbdelta": 0.17490035029220344
        },
        "sell_params": {
          "sell_mfi": 81.0,
          "sell_mfi_enabled": 1.0
        }
      }
    },
    "zLAo5T": {
      "performance": {
        "trades": 14,
        "wins": 9,
        "losses": 0,
        "draws": 5,
        "avg_profits": 2.33,
        "med_profit": 1.3,
        "tot_profit": 160.07228636,
        "profit_percent": 32.01,
        "avg_duration": "4:32:00",
        "loss": -1882.87336
      },
      "params": {
        "stoploss": -0.341,
        "buy_params": {
          "buy_bb_lower": -0.9306844710708315,
          "buy_bbdelta_close": 0.002205588422015455,
          "buy_closedelta_close": 0.02719342659355726,
          "buy_tail_bbdelta": 0.2138167742490774
        },
        "sell_params": {
          "sell_mfi": 96.0,
          "sell_mfi_enabled": 1.0
        }
      }
    },
    "JPYjhW": {
      "performance": {
        "trades": 26,
        "wins": 18,
        "losses": 1,
        "draws": 7,
        "avg_profits": 1.88,
        "med_profit": 1.3,
        "tot_profit": 240.03848873,
        "profit_percent": 48.01,
        "avg_duration": "2:53:00",
        "loss": -85.79006
      },
      "params": {
        "stoploss": -0.168,
        "buy_params": {
          "buy_bb_lower": -0.407771322796182,
          "buy_bbdelta_close": 0.012707658848827567,
          "buy_closedelta_close": 0.02425472032173114,
          "buy_tail_bbdelta": 0.1966282676379842
        },
        "sell_params": {
          "sell_mfi": 88.0,
          "sell_mfi_enabled": 1.0
        }
      }
    },
    "TXdmmo": {
      "performance": {
        "trades": 2,
        "wins": 1,
        "losses": 0,
        "draws": 1,
        "avg_profits": 2.91,
        "med_profit": 2.91,
        "tot_profit": 28.533877,
        "profit_percent": 5.71,
        "avg_duration": "18:22:00",
        "loss": -476.7241
      },
      "params": {
        "stoploss": -0.309,
        "buy_params": {
          "buy_bb_lower": 0.611026349613152,
          "buy_bbdelta_close": 0.006288194697980534,
          "buy_closedelta_close": 0.023983500812340085,